{"cameraMode":{"drawMode":0,"name":"Shaded","section":"Shading Mode"},"sceneLighting":true,"audioPlay":false,"sceneViewState":{"showFog":true,"showMaterialUpdate":false,"showSkybox":true,"showFlares":true,"showImageEffects":true,"showParticleSystems":true},"in2DMode":false,"pivot":{"x":0.15000000596046449,"y":8.539999961853028,"z":-4.699999809265137},"rotation":{"x":0.3092219829559326,"y":-0.011411516927182675,"z":0.003710842924192548,"w":0.950914204120636},"size":28.0748233795166,"orthographic":true}