{"cameraMode":{"drawMode":0,"name":"Shaded","section":"Shading Mode"},"sceneLighting":false,"audioPlay":false,"sceneViewState":{"showFog":true,"showMaterialUpdate":false,"showSkybox":false,"showFlares":true,"showImageEffects":true,"showParticleSystems":true},"in2DMode":false,"pivot":{"x":-0.05347021669149399,"y":-0.10068825632333756,"z":-0.05384599417448044},"rotation":{"x":-0.26746949553489687,"y":-0.5331464409828186,"z":0.18239232897758485,"w":-0.7816316485404968},"size":1.1187855005264283,"orthographic":false}